{
  "npmScope": "lac",
  "affected": {
    "defaultBase": "master"
  },
  "implicitDependencies": {
    "angular.json": "*",
    "package.json": {
      "dependencies": "*",
      "devDependencies": "*"
    },
    "tsconfig.base.json": "*",
    "tslint.json": "*",
    "nx.json": "*"
  },
  "tasksRunnerOptions": {
    "default": {
      "runner": "@nrwl/workspace/tasks-runners/default",
      "options": {
        "cacheableOperations": ["build", "lint", "test", "e2e"]
      }
    }
  },
  "projects": {
    "lac-portal": {
      "tags": []
    },
    "lac-portal-e2e": {
      "tags": [],
      "implicitDependencies": ["lac-portal"]
    },
    "ui-material-design": {
      "tags": []
    },
    "feature-discovery": {
      "tags": []
    },
    "ui-navigation": {
      "tags": []
    },
    "ui-assets": {
      "tags": []
    },
    "apis": {
      "tags": []
    },
    "ui-pipes": {
      "tags": []
    },
    "ui-map": {
      "tags": []
    },
    "feature-docs": {
      "tags": []
    },
    "feature-elan-player": {
      "tags": []
    },
    "feature-deposit": {
      "tags": []
    }
  }
}
